[
  {
    "id": "1",
    "title": "اقبال کا تصور خودی",
    "author": "ڈاکٹر فرمان فتح پوری",
    "excerpt": "اقبال کے فلسفہ خودی پر مبنی ایک تفصیلی مضمون...",
    "content": "article1.html",
    "category": "فلسفہ"
  },
  {
    "id": "2",
    "title": "اردو نثر کا ارتقا",
    "author": "پروفیسر رشید احمد",
    "excerpt": "اردو نثر کی تاریخ اور ارتقائی منازل پر ایک نظر...",
    "content": "article2.html",
    "category": "ادب"
  }
]